fen,target
8/8/8/4pk2/8/4K3/8/8 w - - 0 1,draw
8/8/8/8/7p/5K2/7k/8 w - - 0 1,draw
5k2/8/4K3/5P2/8/8/8/8 w - - 0 1,checkmate
8/1k6/8/2PK4/8/8/8/8 w - - 0 1,checkmate
k7/p5K1/8/8/8/8/8/8 w - - 0 1,draw
8/8/8/8/8/1k5P/8/2K5 w - - 0 1,checkmate
8/8/8/3k4/8/8/4PK2/8 w - - 0 1,checkmate
4k3/8/8/8/8/8/4P3/4K3 w - - 0 1,checkmate
4k3/4p3/8/8/8/8/8/4K3 w - - 0 1,draw
8/8/8/2k5/8/3K4/2P5/8 w - - 0 1,checkmate
8/8/8/8/p1k5/4K3/8/8 w - - 0 1,draw
8/8/4k3/8/8/4K3/3P4/8 w - - 0 1,checkmate
8/3k4/1K6/8/8/8/P7/8 w - - 0 1,checkmate
6k1/8/8/8/8/8/2P5/7K w - - 0 1,checkmate
4k3/8/4K3/4P3/8/8/8/8 w - - 0 1,checkmate
8/8/8/8/5k2/4p3/4K3/8 w - - 0 1,draw
8/8/8/8/3P1k2/8/4K3/8 w - - 0 1,checkmate
8/7K/8/k7/8/3P4/8/8 w - - 0 1,checkmate
3k4/8/K7/8/8/8/P7/8 w - - 0 1,checkmate
8/8/5k2/8/5K2/8/4P3/8 w - - 0 1,checkmate
6k1/8/7K/8/2P5/8/8/8 w - - 0 1,checkmate
8/k1P5/8/K7/8/8/8/8 w - - 0 1,checkmate
8/Pk6/1P6/3K4/8/8/8/8 w - - 0 1,checkmate
3k4/8/8/6K1/7P/8/8/8 w - - 0 1,checkmate
8/8/6k1/8/6K1/P7/8/8 w - - 0 1,checkmate
6k1/8/4P3/8/1K6/8/8/8 w - - 0 1,checkmate
5k2/8/5K2/4P3/8/8/8/8 w - - 0 1,checkmate
4k3/8/3P4/4K3/8/8/8/8 w - - 0 1,checkmate
8/8/8/6K1/8/5k2/P7/8 w - - 0 1,checkmate
8/8/8/8/4k2r/8/4K3/R7 w - - 0 1,checkmate
8/7k/8/8/8/3P4/8/6K1 w - - 0 1,checkmate
8/8/8/8/5K2/7p/8/7k w - - 0 1,draw
8/8/8/8/3kp3/8/3K4/8 w - - 0 1,draw
k7/8/8/8/4P3/8/1K6/8 w - - 0 1,checkmate
8/8/8/8/8/3k4/PK6/8 w - - 0 1,checkmate
8/8/8/4P3/k7/8/8/K7 w - - 0 1,checkmate
8/8/4K2P/8/8/p2k4/8/8 w - - 0 1,checkmate
8/5k2/8/4P3/7P/8/8/K7 w - - 0 1,checkmate
8/4k3/6K1/7P/8/8/8/8 w - - 0 1,checkmate
4k3/8/8/4P1K1/8/8/8/8 w - - 0 1,checkmate
3k4/8/1P6/8/4K3/8/8/8 w - - 0 1,checkmate
8/8/3K4/8/8/2k5/P7/8 w - - 0 1,checkmate
k7/8/8/5p2/8/8/8/K7 w - - 0 1,draw
8/8/8/5k2/5P1P/8/8/6K1 w - - 0 1,checkmate
8/8/8/1P6/5k2/8/4K3/8 w - - 0 1,checkmate
8/2K5/4p3/4P3/6k1/8/8/8 w - - 0 1,checkmate
3k4/8/2P5/K7/8/8/8/8 w - - 0 1,checkmate
8/p7/8/k7/5K2/8/8/8 w - - 0 1,draw
8/8/8/3k4/3b4/6Q1/8/1K6 w - - 0 1,checkmate
8/8/8/p2K4/k7/8/8/8 w - - 0 1,draw
8/8/4N3/8/8/6K1/5p2/6k1 w - - 0 1,draw
k7/8/2P5/8/K7/8/8/8 w - - 0 1,checkmate
KR6/8/8/8/p7/k7/8/8 w - - 0 1,checkmate
K7/5k2/4p3/4P3/8/8/8/8 w - - 0 1,checkmate
8/2k5/4P3/2K5/8/8/8/8 w - - 0 1,checkmate
8/8/8/3k4/3P4/4K3/3P4/8 w - - 0 1,checkmate
8/1k2K3/8/8/2P5/8/8/8 w - - 0 1,checkmate
7k/5K2/8/6P1/8/8/8/8 w - - 0 1,checkmate
3k4/8/4PK2/8/1b5B/8/8/8 w - - 0 1,checkmate
k7/8/2K5/7p/8/8/8/8 w - - 0 1,draw
8/8/8/8/p2k4/8/K1p5/8 w - - 0 1,draw
8/8/8/1kp5/8/8/8/K7 w - - 0 1,draw
8/8/7p/8/8/8/3K4/5k2 w - - 0 1,draw
n7/P7/8/3K4/8/5k2/8/8 w - - 0 1,checkmate
k7/8/1p6/1P6/8/8/7K/8 w - - 0 1,checkmate
8/8/8/8/8/p7/2K1N3/k7 w - - 0 1,checkmate
8/8/3kP3/3P4/8/8/8/K7 w - - 0 1,checkmate
8/7K/8/8/4k3/8/7P/8 w - - 0 1,checkmate
8/5k2/4p3/4P1K1/8/8/8/8 w - - 0 1,checkmate
8/5k2/3P4/8/6K1/8/8/8 w - - 0 1,checkmate
8/1p6/8/8/5K2/3k4/6P1/8 w - - 0 1,checkmate
5k2/8/8/8/3PK3/8/8/8 w - - 0 1,checkmate
2k5/8/8/8/8/5P2/8/4K3 w - - 0 1,checkmate
1R6/8/8/8/8/2K5/1p6/k7 w - - 0 1,checkmate
K6k/8/5P1p/8/8/8/8/8 w - - 0 1,draw
8/K7/8/8/8/1k6/1N1p4/8 w - - 0 1,draw
8/8/8/8/p2K4/8/k7/8 w - - 0 1,draw
8/8/5b2/3kp3/3p4/5K2/8/5B2 w - - 0 1,draw
8/8/4R3/2k1K3/8/8/1p6/8 w - - 0 1,draw
6K1/r5P1/5k2/8/8/8/8/8 w - - 0 1,draw
8/Q5K1/8/8/8/8/3kp3/8 w - - 0 1,checkmate
8/K7/bP2B3/k7/8/8/8/8 w - - 0 1,checkmate
8/8/8/8/8/1k4P1/8/2K5 w - - 0 1,checkmate
8/8/8/8/4p3/8/5k1K/R7 w - - 0 1,checkmate
8/8/3k4/8/8/6pp/8/3KR3 w - - 0 1,checkmate
8/8/3k4/8/1P6/K7/8/8 w - - 0 1,checkmate
8/7R/8/8/2K5/8/p7/1k6 w - - 0 1,checkmate
8/2k5/8/8/8/3PK3/8/8 w - - 0 1,checkmate
1B6/1K6/P7/1k6/8/4b3/8/8 w - - 0 1,checkmate
8/P7/2K5/8/8/8/6k1/7q w - - 0 1,draw
8/8/8/8/8/5kp1/7K/8 w - - 0 1,draw
8/8/8/8/4N3/1k6/1p5K/8 w - - 0 1,draw
8/8/8/3k4/4b3/pp6/3B4/2K5 w - - 0 1,draw
8/8/8/2K5/8/5k2/7p/7N w - - 0 1,draw
8/8/1R6/8/8/6pk/r7/6K1 w - - 0 1,draw
7Q/8/8/3k4/3n4/8/8/1K6 w - - 0 1,checkmate
8/2K5/8/8/3R4/5k2/4p3/8 w - - 0 1,draw
1K6/2P5/1q6/8/8/8/5k2/8 w - - 0 1,draw
R7/8/8/8/6K1/8/6kp/8 w - - 0 1,checkmate
Q7/K7/8/8/8/8/5kp1/8 w - - 0 1,checkmate
1K6/8/1k6/8/8/5p1p/R7/8 w - - 0 1,checkmate
R7/P5k1/r7/5P2/8/8/1K6/8 w - - 0 1,checkmate
8/P1n5/8/2K5/8/2k5/8/8 w - - 0 1,checkmate
8/8/8/8/4K2p/7P/8/6k1 w - - 0 1,checkmate
8/8/8/8/1k6/7K/7P/8 w - - 0 1,checkmate
8/8/4k3/8/8/2P3P1/8/K7 w - - 0 1,checkmate
8/4k3/6p1/6P1/4K3/8/8/8 w - - 0 1,checkmate
8/3k4/4pK2/4P3/8/8/8/8 w - - 0 1,checkmate
8/3K4/8/8/3pk3/8/8/3R4 w - - 0 1,checkmate
8/8/r7/4k3/8/4K3/8/7R w - - 0 1,checkmate
6Q1/8/4K3/k7/8/8/8/1q6 w - - 0 1,checkmate
5Q2/8/8/1K6/8/8/pk6/8 w - - 0 1,checkmate
7r/5K2/8/4P3/k7/8/8/8 w - - 0 1,draw
8/8/8/8/8/4Kp1p/7k/8 w - - 0 1,draw
8/7K/8/8/4k3/N7/p7/8 w - - 0 1,draw
8/6B1/8/8/2K5/8/p7/1kb5 w - - 0 1,draw
8/1K6/8/8/8/R7/1kp5/8 w - - 0 1,draw
8/p4K2/P7/8/8/8/1k6/8 w - - 0 1,checkmate
8/K7/8/8/4pk2/8/8/R7 w - - 0 1,checkmate
8/8/8/8/8/p2N4/2K5/k7 w - - 0 1,checkmate
8/8/4K3/4P2p/8/5k2/8/8 w - - 0 1,checkmate
8/8/2k5/8/1PK5/1P6/8/8 w - - 0 1,checkmate
8/7k/5K2/6P1/8/8/8/8 w - - 0 1,checkmate
8/4r3/8/1P6/8/k7/8/1R3K2 w - - 0 1,checkmate
7R/8/8/8/8/8/2p1p3/2K1k3 w - - 0 1,checkmate
6n1/3k4/5PK1/8/8/8/8/8 w - - 0 1,checkmate
6K1/p7/8/8/8/1k6/7P/8 w - - 0 1,checkmate
8/8/8/8/6pk/6p1/6K1/8 w - - 0 1,draw
8/8/6K1/2k4P/8/8/8/7r w - - 0 1,draw
8/8/5K2/8/5p2/6k1/6P1/8 w - - 0 1,draw
k7/8/8/6p1/3p4/8/5K2/8 w - - 0 1,draw
8/8/8/8/3R4/5k2/3K2p1/8 w - - 0 1,draw
4N3/8/8/8/8/1p6/2k3K1/8 w - - 0 1,draw
K7/BP6/2k5/8/8/8/7b/8 w - - 0 1,checkmate
K7/8/8/8/1k6/1P6/4P3/8 w - - 0 1,checkmate
8/8/8/P4k2/8/7b/3B4/6K1 w - - 0 1,checkmate
8/8/8/3K1p2/5P1k/8/8/8 w - - 0 1,checkmate
8/8/8/8/5K2/8/4Q2p/6k1 w - - 0 1,checkmate
8/8/8/3KP1k1/6p1/8/8/8 w - - 0 1,checkmate
8/8/6k1/8/8/3P2K1/8/8 w - - 0 1,checkmate
8/8/8/3k4/8/8/2B2B2/1K6 w - - 0 1,checkmate
8/8/2K5/8/p6k/P7/8/8 w - - 0 1,checkmate
8/7P/8/8/8/4K3/pk6/8 w - - 0 1,checkmate
8/6k1/6P1/6K1/6P1/8/8/8 w - - 0 1,checkmate
5Q2/8/8/5K2/8/8/6kp/8 w - - 0 1,checkmate
8/1K6/P7/8/4k3/7p/8/8 w - - 0 1,checkmate
8/1K6/8/8/3pk3/8/8/R7 w - - 0 1,checkmate
6KQ/8/8/8/8/8/2kp4/8 w - - 0 1,checkmate
6K1/5P2/6k1/2b5/8/8/3B4/8 w - - 0 1,checkmate
5Q2/8/8/8/K7/8/2p5/1k6 w - - 0 1,checkmate
4Q3/8/3K1k2/8/8/8/8/6q1 w - - 0 1,checkmate
3k4/1n6/8/P7/8/8/7K/8 w - - 0 1,checkmate
3K4/8/8/3k4/3p4/8/8/3R4 w - - 0 1,checkmate
4kr2/8/8/R2K4/8/8/8/8 w - - 0 1,checkmate
2k5/4P3/3K4/8/b7/8/4B3/8 w - - 0 1,checkmate
2k5/4KP2/6Q1/8/8/4q3/8/8 w - - 0 1,checkmate
1r3k2/R7/5PK1/8/8/8/8/8 w - - 0 1,checkmate
1R6/8/8/8/8/2K5/p7/k7 w - - 0 1,checkmate
8/8/8/3p1k2/8/8/8/6K1 w - - 0 1,draw
8/8/3pk3/8/8/8/4K3/8 w - - 0 1,draw
8/8/8/6p1/8/8/6Pk/5K2 w - - 0 1,draw
1k6/6p1/8/8/8/8/8/K7 w - - 0 1,draw
R7/P3r3/8/4k3/2K5/8/8/8 w - - 0 1,checkmate
R7/7K/8/pk6/8/8/8/8 w - - 0 1,checkmate
4k3/R3P3/P7/8/8/8/4K3/r7 w - - 0 1,checkmate
Q7/8/8/8/8/8/pk2K3/8 w - - 0 1,checkmate
Q7/8/8/8/8/5K2/8/5q1k w - - 0 1,checkmate
8/8/k1K3P1/8/8/8/1b1B4/8 w - - 0 1,checkmate
8/8/8/k2P4/P7/8/8/K7 w - - 0 1,checkmate
8/2p5/K1Pk4/8/8/8/8/8 w - - 0 1,checkmate
8/2p5/8/4K3/8/8/1k5P/8 w - - 0 1,checkmate
8/1k6/8/2P5/P7/8/8/7K w - - 0 1,checkmate
7R/8/8/8/8/5K2/3p4/3k4 w - - 0 1,checkmate
6n1/2k5/4K3/6P1/8/8/8/8 w - - 0 1,checkmate
6K1/8/3Q4/8/8/8/5kp1/8 w - - 0 1,checkmate
6K1/7P/3B4/8/3bk3/8/8/8 w - - 0 1,checkmate
6K1/5P2/3Bk2b/8/8/8/8/8 w - - 0 1,checkmate
4K3/8/8/8/8/5k2/P7/8 w - - 0 1,checkmate
8/8/8/8/6K1/8/4Q3/6kq w - - 0 1,checkmate
3R4/8/8/8/8/8/4p1K1/4k3 w - - 0 1,checkmate
2K5/bP6/2k5/8/8/6B1/8/8 w - - 0 1,checkmate
8/8/8/3K4/8/2k5/p7/N7 w - - 0 1,draw
8/8/8/p2K4/8/8/k7/8 w - - 0 1,draw
8/8/8/7p/6k1/8/8/3K4 w - - 0 1,draw
8/8/8/2k2p2/8/8/8/2K5 w - - 0 1,draw
1r6/8/8/8/k2K4/8/8/7R w - - 0 1,checkmate
8/7p/4K3/8/8/7k/8/8 w - - 0 1,draw
8/5K1P/8/8/3q4/8/8/2k5 w - - 0 1,draw
8/8/8/4k3/6p1/6P1/4K3/8 w - - 0 1,draw
7K/8/k1P5/7p/8/8/8/8 w - - 0 1,draw
8/4RP2/6K1/2k5/8/p7/8/5r2 w - - 0 1,draw
8/8/8/8/3p1k2/3P4/8/4K3 w - - 0 1,draw
8/8/7p/7k/8/8/8/2K5 w - - 0 1,draw
2K5/8/1k6/8/8/p7/P7/8 w - - 0 1,draw
k7/p7/3K4/1P6/8/8/8/8 w - - 0 1,checkmate
8/P7/8/8/8/3k4/5p1K/8 w - - 0 1,checkmate
8/8/8/K7/4p3/8/5k2/7R w - - 0 1,checkmate
8/5K2/8/8/2Q5/p7/1k6/8 w - - 0 1,checkmate
8/8/8/8/1k6/1p1K4/7p/5R2 w - - 0 1,checkmate
8/8/8/7K/3pk3/8/8/3R4 w - - 0 1,checkmate
8/8/7P/8/8/2k5/p3K3/8 w - - 0 1,checkmate
8/8/7P/3K4/5k2/p7/8/8 w - - 0 1,checkmate
8/8/6K1/7P/6k1/2B1b3/8/8 w - - 0 1,checkmate
6kr/8/5K2/8/8/8/R7/8 w - - 0 1,checkmate
8/5kP1/8/8/6P1/5K2/8/8 w - - 0 1,checkmate
8/3k4/1Pp5/8/1K6/8/8/8 w - - 0 1,checkmate
8/2k1p3/4P1K1/8/8/8/8/8 w - - 0 1,checkmate
6K1/p7/P7/8/8/8/8/1k6 w - - 0 1,checkmate
4n3/6k1/3P4/8/1K6/8/8/8 w - - 0 1,checkmate
4k3/8/8/8/8/1P6/8/2K5 w - - 0 1,checkmate
1k4r1/8/KPR5/1P6/8/8/8/8 w - - 0 1,checkmate
8/8/k5p1/8/8/8/K7/8 w - - 0 1,draw
8/8/K7/8/6N1/6kp/8/8 w - - 0 1,draw
kr6/8/8/6K1/8/8/7P/8 w - - 0 1,draw
8/6K1/8/5N2/1p6/3k4/8/8 w - - 0 1,draw
8/5p2/8/8/5K2/7p/8/7k w - - 0 1,draw
7k/8/8/4p2p/8/6K1/8/8 w - - 0 1,draw
R7/P7/8/2K5/8/2k5/8/r7 w - - 0 1,checkmate
8/8/8/8/2k5/P1P5/7K/8 w - - 0 1,checkmate
8/8/8/2k5/pp6/7R/1K6/8 w - - 0 1,checkmate
8/5k2/8/2P5/5K2/8/8/8 w - - 0 1,checkmate
8/3Pk3/8/1K3P2/8/8/8/8 w - - 0 1,checkmate
8/1Pk5/2Pr4/2K5/8/8/8/8 w - - 0 1,checkmate
8/1K1k4/2R5/P7/8/8/8/7r w - - 0 1,checkmate
7Q/8/1K6/8/p7/8/7p/6k1 w - - 0 1,checkmate
6k1/8/5KP1/6P1/8/8/8/8 w - - 0 1,checkmate
5k2/2K5/3P4/1b5B/8/8/8/8 w - - 0 1,checkmate
3k4/8/3KP3/8/4P3/8/8/8 w - - 0 1,checkmate
1R6/8/8/8/2K5/8/p7/k7 w - - 0 1,checkmate
8/8/3k4/8/3K4/8/p2R4/r7 w - - 0 1,draw
8/8/8/2k2K1P/8/8/8/r7 w - - 0 1,draw
8/8/8/1K1pk3/8/8/1P6/8 w - - 0 1,draw
1K6/8/3k4/5p2/8/4P3/8/8 w - - 0 1,draw
8/8/3b4/8/5ppk/8/4B1K1/8 w - - 0 1,draw
r7/8/5kP1/5P2/5K2/8/8/6R1 w - - 0 1,checkmate
K6Q/8/8/8/8/1p6/k7/8 w - - 0 1,checkmate
8/kP6/8/P7/K7/8/8/8 w - - 0 1,checkmate
8/n7/4K3/8/8/k6P/8/8 w - - 0 1,checkmate
8/8/8/7p/1PK2k2/8/8/8 w - - 0 1,checkmate
1K6/2R5/8/7p/7k/8/8/8 w - - 0 1,checkmate
8/8/5p2/8/8/2k5/7P/3K4 w - - 0 1,checkmate
8/8/5Ppk/8/8/4K3/8/8 w - - 0 1,checkmate
8/8/3k4/8/3P4/3P4/3K4/8 w - - 0 1,checkmate
8/7p/8/1K6/8/8/4Qp2/6k1 w - - 0 1,checkmate
8/6p1/8/8/k7/7K/6P1/8 w - - 0 1,checkmate
8/3k4/8/1P6/8/1P6/8/5K2 w - - 0 1,checkmate
8/1k3K2/8/8/5p2/4p3/6R1/8 w - - 0 1,checkmate
6b1/6P1/3k1KB1/8/8/8/8/8 w - - 0 1,checkmate
6RK/8/3k4/2p5/8/8/8/8 w - - 0 1,checkmate
4r3/8/8/4KP2/8/R7/6k1/8 w - - 0 1,checkmate
1r4k1/5RP1/6PK/8/8/8/8/8 w - - 0 1,checkmate
8/8/8/8/8/8/1r1kpK2/R7 w - - 0 1,draw
r7/8/8/4PK2/8/8/k7/8 w - - 0 1,draw
8/K7/2kp4/8/8/3N2p1/8/8 w - - 0 1,draw
8/8/8/8/7p/5p2/8/4K2k w - - 0 1,draw
8/8/5p2/8/4P1k1/8/7K/8 w - - 0 1,draw
8/8/4K3/8/1p6/8/2k5/1N6 w - - 0 1,draw
8/6N1/5k2/2K5/8/8/7p/8 w - - 0 1,draw
8/2p5/8/1k1P4/8/K7/8/8 w - - 0 1,draw
6k1/8/5p1p/7K/8/8/8/8 w - - 0 1,draw
6r1/1R6/8/8/8/8/5p2/5k1K w - - 0 1,draw
k7/8/1p6/8/1P3K2/8/8/8 w - - 0 1,checkmate
7R/8/8/8/2K5/k7/3r4/8 w - - 0 1,checkmate
K7/1R6/5p2/8/4k3/8/8/8 w - - 0 1,checkmate
K5R1/8/6p1/5k2/8/8/8/8 w - - 0 1,checkmate
8/K7/8/5P2/8/5n2/kP6/8 w - - 0 1,checkmate
8/8/k7/3P4/8/8/P7/K7 w - - 0 1,checkmate
8/8/8/Q7/8/8/pp1K4/1k6 w - - 0 1,checkmate
8/8/8/8/8/3k4/2p1p3/2K4R w - - 0 1,checkmate
8/8/8/4K3/8/8/1Q1p4/4k3 w - - 0 1,checkmate
8/8/8/2k5/P3P3/8/8/K7 w - - 0 1,checkmate
8/8/8/1k6/8/K7/6P1/8 w - - 0 1,checkmate
8/8/5k2/8/p7/8/1PK5/8 w - - 0 1,checkmate
1r6/8/7P/K5R1/2k5/8/6P1/8 w - - 0 1,checkmate
8/6K1/5P2/4k2b/2B5/8/8/8 w - - 0 1,checkmate
8/2k5/8/8/6P1/8/8/4K3 w - - 0 1,checkmate
8/1K5k/4p3/8/4P3/8/8/8 w - - 0 1,checkmate
7R/8/8/PK6/1P6/6k1/7p/r7 w - - 0 1,checkmate
7Q/8/8/3K4/8/8/2p5/3k4 w - - 0 1,checkmate
1Q6/8/8/8/K7/4k3/8/6q1 w - - 0 1,checkmate
5K2/4P3/2Bk4/7b/8/8/8/8 w - - 0 1,checkmate
4K3/6R1/2pk4/8/8/8/8/8 w - - 0 1,checkmate
3B4/3P4/8/4K3/8/8/4k3/4b3 w - - 0 1,checkmate
2k5/2P5/1K6/4P3/8/8/8/8 w - - 0 1,checkmate
2k3r1/2p4R/8/1KPP4/8/8/8/8 w - - 0 1,checkmate
8/8/8/1p6/5R2/p7/8/1k1K4 w - - 0 1,checkmate
K7/8/p7/1k6/5P2/8/8/8 w - - 0 1,draw
8/1p6/8/P7/5K2/k7/8/8 w - - 0 1,draw
8/8/8/8/4p2p/2N1k3/2K5/8 w - - 0 1,draw
8/8/3k4/1p5K/5P2/8/8/8 w - - 0 1,draw
8/8/4k3/8/3p1p2/5K2/8/8 w - - 0 1,draw
8/8/1p6/4k3/2P5/8/8/4K3 w - - 0 1,draw
6R1/8/8/4K3/8/4kp2/6p1/8 w - - 0 1,draw
8/3k2p1/8/5P2/8/8/8/1K6 w - - 0 1,draw
8/7p/8/K7/3k4/8/2P5/8 w - - 0 1,draw
6k1/8/5p2/6pR/8/6P1/r7/6K1 w - - 0 1,draw
8/8/8/8/7B/2b2K2/4p3/5k2 w - - 0 1,draw
3k4/7p/8/2P5/K7/8/8/8 w - - 0 1,draw
rk6/8/p1K5/8/8/8/8/R7 w - - 0 1,checkmate
k7/8/K1P5/2P5/8/8/8/8 w - - 0 1,checkmate
k7/8/1p6/8/1P6/5K2/8/8 w - - 0 1,checkmate
k5r1/1R6/1KP5/8/8/8/8/8 w - - 0 1,checkmate
Q7/K7/8/8/8/8/4pk2/8 w - - 0 1,checkmate
Q7/8/8/8/8/8/K2kp3/8 w - - 0 1,checkmate
K7/4k3/8/8/8/8/1p1p4/7R w - - 0 1,checkmate
K7/1R6/5k2/8/4p3/8/8/8 w - - 0 1,checkmate
K1k5/P7/8/8/7r/8/6R1/8 w - - 0 1,checkmate
8/p7/8/8/5P2/8/8/2k2K2 w - - 0 1,checkmate
8/p7/2K5/8/8/8/P4k2/8 w - - 0 1,checkmate
8/k7/8/3P4/K7/8/8/8 w - - 0 1,checkmate
5k2/R7/4K3/6r1/8/8/8/8 w - - 0 1,checkmate
8/3R4/4Pk2/5P2/r7/5K2/8/8 w - - 0 1,checkmate
8/k7/8/1K6/7p/8/6P1/8 w - - 0 1,checkmate
8/K1k5/R7/8/5p2/6p1/8/8 w - - 0 1,checkmate
8/8/8/R7/7p/2K5/6k1/8 w - - 0 1,checkmate
8/8/8/8/pN6/8/2K5/k7 w - - 0 1,checkmate
8/8/8/8/p7/K5Q1/7p/7k w - - 0 1,checkmate
8/8/8/8/8/4N2p/7k/5K2 w - - 0 1,checkmate
8/8/8/8/8/3K1kp1/8/1R6 w - - 0 1,checkmate
6k1/1R6/2r5/5PKP/8/8/8/8 w - - 0 1,checkmate
8/8/8/8/8/1r3kP1/5P2/4RK2 w - - 0 1,checkmate
8/8/8/8/4p3/8/K2k4/R7 w - - 0 1,checkmate
8/8/8/8/4p3/7K/5k2/R7 w - - 0 1,checkmate
8/8/8/7K/3pk3/8/8/7R w - - 0 1,checkmate
8/8/8/4k3/1P2P3/8/8/7K w - - 0 1,checkmate
8/8/8/4K3/8/8/3Q1p2/6k1 w - - 0 1,checkmate
8/8/8/3p4/8/5K2/k2P4/8 w - - 0 1,checkmate
8/8/8/3K4/4R3/p7/8/1k6 w - - 0 1,checkmate
8/8/8/2Q5/K7/1p6/1kp5/8 w - - 0 1,checkmate
8/8/6p1/1k6/4K3/8/5P2/8 w - - 0 1,checkmate
8/8/4K3/8/2k5/3p4/8/3R4 w - - 0 1,checkmate
8/8/4K3/2p1P3/4k3/8/8/8 w - - 0 1,checkmate
8/7K/6P1/8/7p/8/8/7k w - - 0 1,checkmate
8/6r1/5pP1/R4K1k/p7/8/8/8 w - - 0 1,checkmate
8/6p1/8/6P1/K7/8/8/1k6 w - - 0 1,checkmate
8/6QK/8/8/8/2p5/1k6/8 w - - 0 1,checkmate
8/5K1p/8/8/8/8/1P6/7k w - - 0 1,checkmate
8/3KR3/8/8/3kp3/8/8/8 w - - 0 1,checkmate
8/3K4/6R1/2pk4/8/8/8/8 w - - 0 1,checkmate
8/2p5/8/8/1K2P2k/8/8/8 w - - 0 1,checkmate
8/2kP4/8/1P3K2/8/8/8/8 w - - 0 1,checkmate
8/2K5/8/8/2k1p3/8/8/R7 w - - 0 1,checkmate
8/1p6/8/k7/3PK3/8/8/8 w - - 0 1,checkmate
8/1p6/8/8/8/3K4/P7/6k1 w - - 0 1,checkmate
8/1k6/8/1P6/1P6/2K5/8/8 w - - 0 1,checkmate
8/1P6/8/8/2K5/8/p1k5/8 w - - 0 1,checkmate
6k1/8/8/8/8/8/P7/7K w - - 0 1,checkmate
6R1/8/5K2/2k5/1p6/8/8/8 w - - 0 1,checkmate
6N1/8/6p1/8/8/7p/5K1k/8 w - - 0 1,checkmate
6KR/8/pk6/8/8/8/8/8 w - - 0 1,checkmate
5b2/5P2/4k1K1/8/8/2B5/8/8 w - - 0 1,checkmate
4k3/8/8/8/6P1/6K1/8/8 w - - 0 1,checkmate
4Q3/8/5K1k/8/8/8/8/1q6 w - - 0 1,checkmate
3R2K1/8/8/3pk3/8/8/8/8 w - - 0 1,checkmate
3K4/5R2/8/1pk5/8/8/8/8 w - - 0 1,checkmate
2R5/8/8/7K/2pk4/8/8/8 w - - 0 1,checkmate
1r6/1P6/8/8/k7/8/2K5/1R6 w - - 0 1,checkmate
r7/4K2k/8/8/8/8/p7/R7 w - - 0 1,draw
r7/8/8/1K6/8/8/p3k3/R7 w - - 0 1,draw
K7/2p3N1/8/k5p1/8/8/8/8 w - - 0 1,draw
2R5/8/8/8/r7/8/2K5/k7 w - - 0 1,checkmate
1K6/5p2/8/Pk6/8/8/8/8 w - - 0 1,draw
8/8/8/8/8/5p1p/8/4K2k w - - 0 1,draw
6K1/7r/1P1P3k/8/8/8/8/8 w - - 0 1,draw
8/8/8/4K3/p7/2pN4/2k5/8 w - - 0 1,draw
8/8/8/2p5/8/8/1kP5/3K4 w - - 0 1,draw
8/8/8/1K3p2/4k3/8/P7/8 w - - 0 1,draw
8/8/6p1/R5K1/4k2P/8/p7/r7 w - - 0 1,draw
8/8/1p6/2k5/P3K3/8/8/8 w - - 0 1,draw
8/7K/k1P5/p7/8/8/8/8 w - - 0 1,draw
8/7K/8/8/3N4/4k3/p7/8 w - - 0 1,draw
8/5p2/8/8/1K1k4/8/1P6/8 w - - 0 1,draw
8/5P2/3K4/8/8/1k6/8/q7 w - - 0 1,draw
8/4K3/8/3b4/1p6/2k5/8/3B4 w - - 0 1,draw
1r6/8/8/1P6/1K6/8/2k5/8 w - - 0 1,draw
8/1p6/8/8/8/7K/1P3k2/8 w - - 0 1,draw
8/1p6/1P6/8/7K/8/8/1k6 w - - 0 1,draw
8/8/8/4p3/8/4P3/1k5K/8 w - - 0 1,draw
7k/8/5P1p/8/8/8/K7/8 w - - 0 1,draw
7K/7P/8/8/8/5q2/2k5/8 w - - 0 1,draw
6K1/8/8/4q3/Q7/8/1p6/1k6 w - - 0 1,draw
6K1/8/6k1/8/8/p7/P7/8 w - - 0 1,draw
4K3/8/4k3/7p/8/8/7P/8 w - - 0 1,draw
1r6/R7/8/8/8/8/4p1K1/4k3 w - - 0 1,draw
3K4/8/5p2/8/Pk6/8/8/8 w - - 0 1,draw
2K3N1/8/8/8/1pp4k/8/8/8 w - - 0 1,draw
r7/4K2k/5P2/8/8/8/8/3R4 w - - 0 1,checkmate
R7/8/8/6K1/pk6/8/8/8 w - - 0 1,checkmate
Q7/8/8/3K4/8/8/pk6/8 w - - 0 1,checkmate
K7/2rp4/8/2p3P1/8/8/5R2/7k w - - 0 1,checkmate
K6k/1R6/8/8/4p3/3p4/8/8 w - - 0 1,checkmate
B1k1b3/4P1K1/8/8/8/8/8/8 w - - 0 1,checkmate
1K6/6p1/8/5k2/8/8/R7/8 w - - 0 1,checkmate
8/p7/8/8/1K6/4k3/2P5/8 w - - 0 1,checkmate
8/P7/1n2K3/8/8/8/8/7k w - - 0 1,checkmate
8/KQ6/8/8/8/8/p7/k7 w - - 0 1,checkmate
8/K7/BP6/k7/4b3/8/8/8 w - - 0 1,checkmate
8/1p2k3/8/6r1/1P1R2P1/3K4/8/8 w - - 0 1,checkmate
8/K7/8/pk6/8/8/8/R7 w - - 0 1,checkmate
8/8/8/8/8/p2N4/k1K5/8 w - - 0 1,checkmate
8/8/8/P7/8/2k2p2/7K/8 w - - 0 1,checkmate
8/8/8/8/p5N1/p7/2K5/k7 w - - 0 1,checkmate
8/8/8/8/8/7p/4N3/5K1k w - - 0 1,checkmate
8/8/8/8/8/6Q1/2K2p2/5k2 w - - 0 1,checkmate
8/8/8/8/8/3K1kp1/8/R7 w - - 0 1,checkmate
8/8/8/8/8/2P2p2/k6K/8 w - - 0 1,checkmate
8/8/8/8/6K1/8/3Q1p2/6k1 w - - 0 1,checkmate
8/8/8/8/6K1/6Q1/2p5/3k4 w - - 0 1,checkmate
8/8/8/2k5/8/1P6/1PK5/8 w - - 0 1,checkmate
8/8/8/2k5/8/1P6/1P6/K7 w - - 0 1,checkmate
8/7k/8/1P6/1n1K4/8/8/8 w - - 0 1,checkmate
8/8/6K1/4p3/8/1P6/8/5k2 w - - 0 1,checkmate
8/8/6K1/4B2P/6k1/4b3/8/8 w - - 0 1,checkmate
8/8/4K3/P7/7p/8/7k/8 w - - 0 1,checkmate
8/8/3k4/8/8/5pp1/8/3KR3 w - - 0 1,checkmate
8/8/3K4/1BP5/8/5b2/5k2/8 w - - 0 1,checkmate
8/8/2K5/8/pk6/8/8/7R w - - 0 1,checkmate
8/7p/8/8/6k1/8/8/KR6 w - - 0 1,checkmate
8/7p/8/8/6K1/8/1k5P/8 w - - 0 1,checkmate
8/7Q/6p1/5k2/8/8/8/K7 w - - 0 1,checkmate
8/6p1/8/8/8/8/1P6/4K2k w - - 0 1,checkmate
8/6p1/1K6/8/8/6P1/k7/8 w - - 0 1,checkmate
8/6k1/1P6/8/8/8/7r/K4R2 w - - 0 1,checkmate
8/5p2/8/8/8/8/P7/3K2k1 w - - 0 1,checkmate
8/5p2/8/1K6/8/2k5/7P/8 w - - 0 1,checkmate
8/5k2/2R5/6K1/6P1/2P5/2r5/8 w - - 0 1,checkmate
8/4K3/8/5kp1/8/8/8/1R6 w - - 0 1,checkmate
8/4B1b1/6P1/5K1k/8/8/8/8 w - - 0 1,checkmate
8/2p5/8/8/8/8/k6P/4K3 w - - 0 1,checkmate
8/2P5/1K1r4/8/8/8/8/k7 w - - 0 1,checkmate
8/1p6/8/2k5/5KP1/8/8/8 w - - 0 1,checkmate
8/1k6/8/1P6/1P6/1K6/8/8 w - - 0 1,checkmate
8/1R6/6p1/6p1/K5k1/8/8/8 w - - 0 1,checkmate
7n/8/2k5/4K3/P7/8/2P5/8 w - - 0 1,checkmate
7k/8/7b/4PK2/8/8/8/B7 w - - 0 1,checkmate
7k/7b/5P1K/8/4B3/8/8/8 w - - 0 1,checkmate
7k/3K4/1B3P2/8/5b2/8/8/8 w - - 0 1,checkmate
6RK/8/3k4/8/2p5/8/8/8 w - - 0 1,checkmate
6R1/8/3K4/8/8/7p/7k/8 w - - 0 1,checkmate
5k2/8/6PK/8/8/2b3B1/8/8 w - - 0 1,checkmate
5k2/8/5K2/6P1/5P2/1bB5/8/8 w - - 0 1,checkmate
5Q2/8/8/1K6/8/8/2pk4/8 w - - 0 1,checkmate
4k3/8/4p3/1K6/4P3/8/8/8 w - - 0 1,checkmate
4k3/6K1/8/8/1P6/8/1P6/8 w - - 0 1,checkmate
4k3/4P1R1/7K/7P/8/8/8/7r w - - 0 1,checkmate
4K3/4P2k/8/6R1/8/8/8/3r4 w - - 0 1,checkmate
3R4/4K3/8/8/3pk3/8/8/8 w - - 0 1,checkmate
3R4/4K3/8/5kp1/8/8/8/8 w - - 0 1,checkmate
3B4/5K2/4P3/2bk4/8/8/8/8 w - - 0 1,checkmate
2bk4/8/3K4/5P2/6B1/8/8/8 w - - 0 1,checkmate
2K5/2P1k3/8/8/8/8/3R4/2r5 w - - 0 1,checkmate
1R6/8/8/7p/6k1/8/8/K7 w - - 0 1,checkmate
1R6/3r4/8/8/8/8/p3K3/k7 w - - 0 1,draw
8/8/K1k5/1p6/8/8/7P/8 w - - 0 1,draw
8/8/5K2/7k/8/p7/1p6/1R6 w - - 0 1,draw
8/8/2p5/1k6/3P4/8/8/K7 w - - 0 1,draw
8/8/1p6/8/8/P7/8/5k1K w - - 0 1,draw
r7/8/8/5PK1/8/1k6/8/8 w - - 0 1,draw
8/8/8/8/1K1kp3/8/5P2/8 w - - 0 1,draw
8/2p5/5K2/8/4kN2/4p3/8/8 w - - 0 1,draw
8/1p6/1P5K/8/8/8/8/k7 w - - 0 1,draw
6k1/p7/8/8/5P1K/8/8/8 w - - 0 1,draw
8/8/8/8/8/PK6/8/6kr w - - 0 1,draw
5N2/8/4p3/8/K1k4p/8/8/8 w - - 0 1,draw
8/8/8/2kpr3/8/5K2/8/3R4 w - - 0 1,draw
8/8/2b5/1p6/3k1K2/8/8/3B4 w - - 0 1,draw
8/8/8/3k4/8/8/2N2B2/1K6 w - - 0 1,checkmate
2k5/1R6/K7/8/8/8/2p5/8 w - - 0 1,draw
2K5/8/8/8/p7/4k3/P7/8 w - - 0 1,draw
3r4/8/2k5/2p5/8/8/4K3/1R6 w - - 0 1,draw
1k6/R7/K7/8/8/8/2p5/8 w - - 0 1,draw
r7/5Pk1/6P1/8/6K1/8/8/5R2 w - - 0 1,checkmate
q7/3k4/8/2K5/2Q5/8/8/8 w - - 0 1,checkmate
R7/P4k2/8/8/8/8/6K1/r7 w - - 0 1,checkmate
R7/8/3K4/8/4p3/5k2/8/8 w - - 0 1,checkmate
Q7/8/5K2/4p3/8/8/4pk2/8 w - - 0 1,checkmate
K7/6k1/8/6p1/8/8/7R/8 w - - 0 1,checkmate
K7/1R6/6k1/7p/8/8/8/8 w - - 0 1,checkmate
8/r7/4PRK1/3k4/8/8/8/8 w - - 0 1,checkmate
8/8/r4kP1/5P2/1R3K2/8/8/8 w - - 0 1,checkmate
8/8/8/PK6/1P6/8/7k/r7 w - - 0 1,checkmate
8/8/8/8/k6p/8/2K3P1/8 w - - 0 1,checkmate
8/8/8/8/8/P4p2/k6K/8 w - - 0 1,checkmate
8/8/8/8/8/4p3/2Kpk3/R7 w - - 0 1,checkmate
8/4K3/1R4p1/6kp/8/8/8/8 w - - 0 1,checkmate
8/8/8/8/4PkP1/8/8/5K2 w - - 0 1,checkmate
2R5/3K4/8/4kp2/8/8/8/8 w - - 0 1,checkmate
8/8/8/8/1k6/1pp5/8/1KR5 w - - 0 1,checkmate
8/8/8/5P2/r5P1/4K3/1k6/8 w - - 0 1,checkmate
8/8/8/4k1P1/8/8/6P1/2K5 w - - 0 1,checkmate
8/8/8/3R4/2K5/6pp/k7/8 w - - 0 1,checkmate
8/8/8/2P2k2/8/2P5/8/6K1 w - - 0 1,checkmate
8/8/5k2/8/PR3PK1/8/8/r7 w - - 0 1,checkmate
8/8/5k2/8/6bP/6P1/8/4KB2 w - - 0 1,checkmate
8/8/5KP1/7r/8/8/8/1k6 w - - 0 1,checkmate
8/8/3K3p/8/8/4P3/8/4k3 w - - 0 1,checkmate
8/8/1p6/8/8/6P1/k1K5/8 w - - 0 1,checkmate
8/8/1KP5/3r4/8/8/8/k7 w - - 0 1,checkmate
8/7K/4k2P/4P3/4R3/6r1/8/8 w - - 0 1,checkmate
8/6p1/7k/8/1K6/8/1P6/8 w - - 0 1,checkmate
8/6k1/8/6P1/6P1/7K/8/8 w - - 0 1,checkmate
8/6k1/8/6K1/5PBP/3b4/8/8 w - - 0 1,checkmate
8/5K2/R7/8/p7/k7/8/8 w - - 0 1,checkmate
8/5K2/8/8/4pk2/8/8/R7 w - - 0 1,checkmate
8/5K2/8/4pk2/4R3/8/8/8 w - - 0 1,checkmate
8/4p3/8/2K5/8/6k1/P7/8 w - - 0 1,checkmate
8/4K3/8/4p3/8/4k3/6R1/8 w - - 0 1,checkmate
8/4K3/4P2k/8/R7/p7/8/r7 w - - 0 1,checkmate
8/2K5/8/4p3/8/4k3/3R4/8 w - - 0 1,checkmate
8/3p4/8/8/8/1k3K2/7P/8 w - - 0 1,checkmate
8/3RK3/8/5kp1/8/8/8/8 w - - 0 1,checkmate
8/2p5/6K1/8/8/5k2/P7/8 w - - 0 1,checkmate
8/1p6/7K/8/7P/8/5k2/8 w - - 0 1,checkmate
8/1KP5/8/k4b2/8/8/4B3/8 w - - 0 1,checkmate
R5K1/4k1P1/8/8/8/8/8/7r w - - 0 1,checkmate
7R/7p/1K1k4/8/5p2/8/8/8 w - - 0 1,checkmate
7Q/8/8/8/2K5/8/2p5/1k6 w - - 0 1,checkmate
6r1/4k3/8/6P1/6K1/8/8/5R2 w - - 0 1,checkmate
6R1/8/8/8/3K4/1p6/k7/8 w - - 0 1,checkmate
6Q1/8/p7/4K3/8/8/pk6/8 w - - 0 1,checkmate
6KR/4p3/6k1/7p/8/8/8/8 w - - 0 1,checkmate
6K1/8/1P4R1/6p1/8/8/6r1/7k w - - 0 1,checkmate
6K1/3k2P1/8/8/8/8/7r/4R3 w - - 0 1,checkmate
6K1/1k3P2/6Q1/8/8/8/q7/8 w - - 0 1,checkmate
5q2/5P2/8/8/8/7Q/k7/5K2 w - - 0 1,checkmate
5k2/8/6PK/8/8/8/1b1B4/8 w - - 0 1,checkmate
5k2/3b4/3P1K2/3P4/8/8/8/3B4 w - - 0 1,checkmate
5R2/5K1k/5P2/8/8/8/8/5r2 w - - 0 1,checkmate
4r3/P7/1K6/8/8/5p2/2R2Pk1/8 w - - 0 1,checkmate
4k1K1/6P1/8/8/8/8/7r/5R2 w - - 0 1,checkmate
4R3/5K2/8/5k2/4p3/8/8/8 w - - 0 1,checkmate
3K4/8/8/1n5P/5k2/8/8/8 w - - 0 1,checkmate
3K4/3P2k1/8/8/8/8/2r5/5R2 w - - 0 1,checkmate
2k5/8/1PPb4/1K6/8/8/2B5/8 w - - 0 1,checkmate
2KB4/1P6/2k5/8/8/8/7b/8 w - - 0 1,checkmate
1K6/8/8/8/8/Q7/1p4p1/1k6 w - - 0 1,checkmate
1K6/2P5/Bk6/8/8/7b/8/8 w - - 0 1,checkmate
1K6/1Q6/8/8/8/2p5/8/2k5 w - - 0 1,checkmate
k7/p7/K7/3p4/8/8/8/8 w - - 0 1,draw
8/8/8/3k4/8/3K4/p2R4/r7 w - - 0 1,draw
K7/R7/3k4/8/8/p7/8/r7 w - - 0 1,draw
8/8/8/8/1r5P/6KP/8/k7 w - - 0 1,draw
8/R7/8/1r6/8/8/p7/k1K5 w - - 0 1,draw
8/8/8/8/5K2/1R5p/r5k1/8 w - - 0 1,draw
8/8/k1P5/p7/8/7K/8/8 w - - 0 1,draw
8/8/8/6P1/8/6K1/3k4/4r3 w - - 0 1,draw
8/8/8/5B2/pp6/kb6/8/1K6 w - - 0 1,draw
8/8/8/1p6/8/1Pk5/8/1K6 w - - 0 1,draw
8/8/7K/8/6R1/4k3/5p2/8 w - - 0 1,draw
8/8/1k4K1/1p6/8/8/4P3/8 w - - 0 1,draw
8/7p/8/3K1k2/8/3P4/8/8 w - - 0 1,draw
8/5k1K/8/8/2p5/8/3P4/8 w - - 0 1,draw
8/8/8/1B6/3K2b1/4p3/5k2/8 w - - 0 1,draw
8/2k5/8/1p1p4/3K4/8/8/8 w - - 0 1,draw
8/1K6/8/3p4/2k5/P7/8/8 w - - 0 1,draw
6R1/8/8/8/8/6pp/k5r1/7K w - - 0 1,draw
5r2/8/8/6k1/6p1/8/4K3/6R1 w - - 0 1,draw
8/8/8/1P6/2K5/5k2/8/6r1 w - - 0 1,draw
6K1/8/p7/8/7k/5P2/8/8 w - - 0 1,draw
8/8/8/8/3p4/K1k5/3p4/5R2 w - - 0 1,draw
8/R7/8/8/5p2/6k1/1r6/5K2 w - - 0 1,draw
4r3/8/3k4/3p4/8/8/5K2/3R4 w - - 0 1,draw
3k4/7p/8/8/KP6/8/8/8 w - - 0 1,draw
3K4/8/1p6/8/8/4k3/6P1/8 w - - 0 1,draw
3r4/8/1k6/1p6/8/5K2/8/1R6 w - - 0 1,draw
8/8/8/8/5pk1/8/r7/1R3K2 w - - 0 1,draw
1K6/3k3p/8/8/8/8/P7/8 w - - 0 1,draw
r7/8/7k/8/8/8/P7/K5R1 w - - 0 1,checkmate
r7/8/7k/4P3/4K3/8/1R6/8 w - - 0 1,checkmate
k7/7R/7P/8/8/8/2K5/7r w - - 0 1,checkmate
b3k3/8/P7/2K1B3/3P4/8/8/8 w - - 0 1,checkmate
R7/P7/8/8/6K1/8/6k1/r7 w - - 0 1,checkmate
R7/P7/6K1/8/6k1/8/8/r7 w - - 0 1,checkmate
R7/P4k2/8/8/8/1K6/8/r7 w - - 0 1,checkmate
R7/P4k2/2K5/8/8/8/8/r7 w - - 0 1,checkmate
R7/8/P1K5/r7/k7/8/8/8 w - - 0 1,checkmate
R7/8/8/8/8/5p2/3Kpk2/8 w - - 0 1,checkmate
8/6K1/6R1/4k2P/8/8/8/r7 w - - 0 1,checkmate
8/8/2RK4/3P1k2/8/8/8/r7 w - - 0 1,checkmate
R7/6k1/P7/8/8/5r2/2K5/8 w - - 0 1,checkmate
R7/4Kp2/8/5kp1/8/8/8/8 w - - 0 1,checkmate
R7/1K1k4/P7/8/8/8/8/2r5 w - - 0 1,checkmate
K7/p7/8/8/8/8/6kp/4Q3 w - - 0 1,checkmate
K7/8/R7/6pk/8/8/8/8 w - - 0 1,checkmate
K7/8/8/8/8/1Q5p/p7/k7 w - - 0 1,checkmate
K7/2k5/R7/8/5p2/6p1/8/8 w - - 0 1,checkmate
K6R/8/7p/6k1/8/8/8/8 w - - 0 1,checkmate
8/r1k5/P7/1K6/8/8/8/R7 w - - 0 1,checkmate
8/p7/2K5/8/6k1/8/P7/8 w - - 0 1,checkmate
8/K5p1/8/8/7p/7k/8/6R1 w - - 0 1,checkmate
8/8/P7/8/8/1K3p1k/2R2P2/4r3 w - - 0 1,checkmate
8/8/8/kP2R3/8/1r6/6P1/K7 w - - 0 1,checkmate
8/8/8/KP3Pk1/8/8/7n/8 w - - 0 1,checkmate
8/8/8/K7/Q7/3p4/2p5/3k4 w - - 0 1,checkmate
8/8/8/8/8/Q3K3/6k1/7q w - - 0 1,checkmate
8/8/8/8/8/8/Q3K3/6kq w - - 0 1,checkmate
8/8/8/8/8/4K2p/4N2k/8 w - - 0 1,checkmate
5k2/r7/1R3pK1/5P2/8/8/8/8 w - - 0 1,checkmate
8/8/8/8/3K4/p7/kp1Q4/8 w - - 0 1,checkmate
8/2p5/8/1k4K1/6P1/8/8/8 w - - 0 1,checkmate
8/7R/4K1k1/4P3/6r1/8/8/8 w - - 0 1,checkmate
8/8/8/5k2/RKP5/8/2r5/8 w - - 0 1,checkmate
8/8/8/4rP2/4P3/5K2/8/4k3 w - - 0 1,checkmate
8/8/8/2Q5/8/3K4/k7/q7 w - - 0 1,checkmate
8/8/8/1K6/8/4p3/1Q1pk3/8 w - - 0 1,checkmate
8/8/8/1K6/7p/k7/6P1/8 w - - 0 1,checkmate
8/2p5/8/1k6/6K1/7P/8/8 w - - 0 1,checkmate
8/8/7k/8/P7/6R1/4r3/1K6 w - - 0 1,checkmate
8/8/7k/8/8/6Pb/4B2P/6K1 w - - 0 1,checkmate
8/8/6P1/8/5p1k/r7/6K1/2R5 w - - 0 1,checkmate
7R/8/8/8/2K4p/6k1/8/8 w - - 0 1,checkmate
8/8/5P2/6P1/8/4K3/1k6/5r2 w - - 0 1,checkmate
8/8/4K3/1p5p/5k2/2R5/8/8 w - - 0 1,checkmate
8/8/1p6/8/k7/3K4/5P2/8 w - - 0 1,checkmate
8/8/1p5K/8/8/7P/8/6k1 w - - 0 1,checkmate
8/8/1p2K3/8/8/8/k5P1/8 w - - 0 1,checkmate
8/8/1K6/P7/1k2B3/8/4b3/8 w - - 0 1,checkmate
8/7p/8/4K3/8/8/7P/1k6 w - - 0 1,checkmate
8/7p/2K5/8/2P5/8/4k3/8 w - - 0 1,checkmate
8/7P/5R2/8/8/8/7r/K1k5 w - - 0 1,checkmate
8/6k1/1R6/8/8/2r4P/6PK/8 w - - 0 1,checkmate
8/6p1/8/8/2k1PK2/8/8/8 w - - 0 1,checkmate
8/6p1/8/7k/4PK2/8/8/8 w - - 0 1,checkmate
8/6k1/8/2PR4/8/2r4P/6K1/8 w - - 0 1,checkmate
8/6P1/4KP2/8/4k3/8/8/6r1 w - - 0 1,checkmate
8/6KQ/8/8/8/2p5/8/k7 w - - 0 1,checkmate
8/8/1p6/8/k7/2K5/5P2/8 w - - 0 1,checkmate
8/5kb1/8/8/6K1/3B4/4PP2/8 w - - 0 1,checkmate
8/5b2/8/4k3/4B3/3PKP2/8/8 w - - 0 1,checkmate
8/5P2/8/8/4r3/8/5K2/7k w - - 0 1,checkmate
8/5K2/3R4/6p1/8/5k2/8/8 w - - 0 1,checkmate
8/4k1r1/8/4KRP1/8/8/8/8 w - - 0 1,checkmate
8/4k1b1/8/3BP3/4KP2/8/8/8 w - - 0 1,checkmate
8/4K3/8/3pk3/3R4/8/8/8 w - - 0 1,checkmate
8/3k1P2/6q1/8/8/P7/K7/8 w - - 0 1,checkmate
8/3RP3/7k/5K2/8/p3r3/8/8 w - - 0 1,checkmate
8/3P1k2/7Q/2q5/8/8/3K4/8 w - - 0 1,checkmate
8/2k5/4KP2/2r5/8/8/8/8 w - - 0 1,checkmate
8/2K5/8/1k6/1p6/8/8/1R6 w - - 0 1,checkmate
8/2K5/4P1k1/8/8/8/1r6/R7 w - - 0 1,checkmate
8/2K3k1/4p3/8/4P3/8/8/8 w - - 0 1,checkmate
8/1r6/1Pp4R/8/8/8/8/k1K5 w - - 0 1,checkmate
8/1p6/8/8/8/8/1P6/K6k w - - 0 1,checkmate
8/1Q6/8/5K2/8/p7/1p6/2k5 w - - 0 1,checkmate
8/4k3/1p4PK/8/8/1r6/8/7R w - - 0 1,checkmate
7r/4k3/8/8/2P5/2K5/8/3R4 w - - 0 1,checkmate
7k/8/6PP/8/8/8/1b1K4/1B6 w - - 0 1,checkmate
8/3k4/1R5P/8/2KP4/8/8/7r w - - 0 1,checkmate
7R/3p4/3K4/7P/8/8/2r3k1/8 w - - 0 1,checkmate
7K/8/8/8/7Q/3kp3/3p4/8 w - - 0 1,checkmate
7K/6p1/8/7p/8/8/R7/6k1 w - - 0 1,checkmate
6r1/8/4k2P/7P/7K/8/8/3R4 w - - 0 1,checkmate
6r1/1P6/8/2KP4/k7/8/8/8 w - - 0 1,checkmate
6k1/4K3/3R4/8/p7/8/1p6/8 w - - 0 1,checkmate
6b1/8/7K/7B/5k2/8/6P1/8 w - - 0 1,checkmate
6R1/8/8/8/8/6K1/4p3/4k3 w - - 0 1,checkmate
6K1/8/8/3pk3/8/8/8/3R4 w - - 0 1,checkmate
6K1/4k1P1/8/8/8/8/7r/5R2 w - - 0 1,checkmate
5b2/5k2/8/4P3/5P2/5K2/4B3/8 w - - 0 1,checkmate
5R2/6p1/5rP1/4k2K/8/8/8/8 w - - 0 1,checkmate
5KQ1/8/8/8/6p1/8/p7/k7 w - - 0 1,checkmate
5K2/p7/8/8/8/k3p3/8/6R1 w - - 0 1,checkmate
4r3/4PR2/4k1P1/1K6/8/8/8/8 w - - 0 1,checkmate
4q3/4P3/8/8/4Q3/8/8/k3K3 w - - 0 1,checkmate
4k1r1/1R6/5p2/5K2/8/8/8/8 w - - 0 1,checkmate
4Q3/8/8/3K4/8/8/2p5/3k4 w - - 0 1,checkmate
4K3/4P1k1/8/8/8/8/r7/5R2 w - - 0 1,checkmate
4K3/3R4/8/6p1/8/5k2/8/8 w - - 0 1,checkmate
4K1k1/4P3/8/8/8/8/r7/5R2 w - - 0 1,checkmate
3r4/P4Kp1/k7/8/8/8/1R6/8 w - - 0 1,checkmate
3r4/3PK3/2k5/8/8/2p5/3R4/8 w - - 0 1,checkmate
3b4/8/2K5/k1B5/8/8/1P6/8 w - - 0 1,checkmate
3K4/8/1k6/Rp6/8/8/8/8 w - - 0 1,checkmate
2q5/6P1/4K3/k7/3Q4/8/8/8 w - - 0 1,checkmate
2b5/8/1K6/PB6/1k6/8/8/8 w - - 0 1,checkmate
2R5/2P3k1/8/4K3/2r5/8/8/8 w - - 0 1,checkmate
2K5/k7/7p/8/8/8/6P1/8 w - - 0 1,checkmate
1r6/8/4k3/2K4R/8/1P6/8/8 w - - 0 1,checkmate
1r6/8/3k4/1P6/1K6/8/8/2R5 w - - 0 1,checkmate
1r3k2/8/4PK2/8/8/8/R7/8 w - - 0 1,checkmate
1R6/8/8/7K/1pk5/8/8/8 w - - 0 1,checkmate
1R6/8/8/4K3/8/p6p/8/4k3 w - - 0 1,checkmate
1K6/1P1k4/8/8/8/8/2R5/r7 w - - 0 1,checkmate
8/8/8/k2r4/p7/8/4K3/R7 w - - 0 1,draw
8/8/2P5/8/3K1k2/3P4/3r3p/R7 w - - 0 1,draw
5r2/8/8/8/4k3/4p3/8/R5K1 w - - 0 1,draw
R7/8/2k5/8/8/6K1/p7/r7 w - - 0 1,draw
8/R7/5K2/8/8/p7/7k/r7 w - - 0 1,draw
R7/8/5k2/8/8/p7/6K1/r7 w - - 0 1,draw
K7/3p4/8/3k4/1P6/8/8/8 w - - 0 1,draw
1R6/8/8/8/8/2K5/p7/k6r w - - 0 1,draw
8/r7/8/8/6P1/8/5K2/k7 w - - 0 1,draw
8/8/k4K2/p7/8/8/4P3/8 w - - 0 1,draw
8/8/8/8/5K1k/R7/6pp/8 w - - 0 1,draw
r4k2/3P4/4K3/3P4/8/8/8/8 w - - 0 1,draw
8/8/8/8/3R1pk1/8/r7/5K2 w - - 0 1,draw
8/8/8/8/2p5/1p1k4/4R3/5K2 w - - 0 1,draw
8/8/8/8/1Rp5/8/1K1k4/2r5 w - - 0 1,draw
8/8/8/8/1K6/P7/k1r1P3/8 w - - 0 1,draw
8/8/8/7p/2p5/5K1k/2Bb4/8 w - - 0 1,draw
8/8/8/6k1/1p6/7R/2K4p/7r w - - 0 1,draw
8/8/8/5p2/3k4/5P2/8/6K1 w - - 0 1,draw
8/8/8/5B2/1p3b2/2k1p3/8/5K2 w - - 0 1,draw
8/8/5q2/8/8/1K6/5p1Q/k7 w - - 0 1,draw
8/8/2K4R/8/5p2/5kp1/8/8 w - - 0 1,draw
3K4/8/6p1/8/5k2/3P4/8/8 w - - 0 1,draw
8/8/3k4/4p3/4P3/8/7K/8 w - - 0 1,draw
8/8/1p3k1K/8/8/P7/8/8 w - - 0 1,draw
8/8/1p6/8/2P2k2/8/6K1/8 w - - 0 1,draw
8/8/8/3kpK2/3r4/8/5R2/8 w - - 0 1,draw
8/5p2/8/8/K4k2/8/7P/8 w - - 0 1,draw
8/5R2/8/8/8/2kp4/3p1K2/8 w - - 0 1,draw
8/4P3/8/4K3/8/4k3/8/4q3 w - - 0 1,draw
r7/8/8/4P3/5K2/8/4k3/8 w - - 0 1,draw
8/3p4/7K/8/7k/8/5P2/8 w - - 0 1,draw
8/1R6/8/3r2Pp/8/6k1/2K5/8 w - - 0 1,draw
8/1p6/8/8/7K/5k2/1P6/8 w - - 0 1,draw
2R5/8/8/8/K7/p2r4/1k6/8 w - - 0 1,draw
8/1K6/2P5/8/8/2Pk4/8/4q3 w - - 0 1,draw
7R/8/8/8/K7/8/1k5p/7r w - - 0 1,draw
1K6/8/2Q5/8/8/7q/6p1/7k w - - 0 1,draw
7R/8/8/8/5k2/6pp/7r/6K1 w - - 0 1,draw
1k6/8/R7/8/7p/6p1/7r/6K1 w - - 0 1,draw
6R1/8/8/8/1k1K4/8/1p4p1/8 w - - 0 1,draw
6K1/3k4/p7/8/8/8/4P3/8 w - - 0 1,draw
5r2/8/3k1P2/6P1/5K2/8/8/8 w - - 0 1,draw
5k2/8/5K2/8/8/6R1/6pp/8 w - - 0 1,draw
5KR1/8/8/8/4p3/8/1p6/1k6 w - - 0 1,draw
5K1Q/8/8/2q2k2/8/8/8/8 w - - 0 1,draw
4r3/6R1/8/8/6p1/7k/6p1/6K1 w - - 0 1,draw
3k4/8/8/4q3/8/1K6/4p3/4Q3 w - - 0 1,draw
4k3/7p/8/8/1P6/K7/8/8 w - - 0 1,draw
4R3/8/8/8/2K5/5p2/2k1p3/8 w - - 0 1,draw
4K3/8/8/8/1pp5/8/1k6/5R2 w - - 0 1,draw
R7/5r2/8/8/8/8/4p1K1/4k3 w - - 0 1,draw
8/8/2b5/1pk3K1/8/8/8/3B4 w - - 0 1,draw
3R4/8/8/4k3/6rp/8/6p1/6K1 w - - 0 1,draw
3K4/r3P3/3k4/8/8/8/8/8 w - - 0 1,draw
2k5/p7/8/4P3/8/7K/8/8 w - - 0 1,draw
2R5/8/8/3K4/1k6/5pp1/8/8 w - - 0 1,draw
R7/8/8/2k5/pr6/8/1p6/1K6 w - - 0 1,draw
8/6K1/3k2P1/8/8/8/8/1r6 w - - 0 1,draw
r7/PR6/8/8/5K2/k7/8/8 w - - 0 1,checkmate
r7/8/4k3/P7/K7/3R4/8/8 w - - 0 1,checkmate
r7/7k/8/8/8/P7/K7/6R1 w - - 0 1,checkmate
r7/4PRK1/3k4/8/8/8/8/8 w - - 0 1,checkmate
r7/2K3Pk/7P/8/8/8/8/7R w - - 0 1,checkmate
8/8/2K3p1/P5k1/8/8/1r6/R7 w - - 0 1,checkmate
r6k/1R6/4KP2/8/8/8/8/8 w - - 0 1,checkmate
r5k1/8/4P3/4K3/5R2/8/8/8 w - - 0 1,checkmate
k7/1q2PK2/8/7Q/8/8/8/8 w - - 0 1,checkmate
R7/P4r2/3k4/8/5K2/8/8/8 w - - 0 1,checkmate
R7/P3r3/4k3/8/3K4/8/8/8 w - - 0 1,checkmate
R7/P2r4/3k4/8/3K4/8/8/8 w - - 0 1,checkmate
R7/P2r4/3k4/8/2K5/8/8/8 w - - 0 1,checkmate
8/8/2P5/1P6/3K1k2/8/8/r7 w - - 0 1,checkmate
1k6/7R/8/P1K5/2P5/8/8/r7 w - - 0 1,checkmate
R7/8/4KP2/8/8/8/p5k1/r7 w - - 0 1,checkmate
R7/7k/P7/8/8/r6P/6K1/8 w - - 0 1,checkmate
R7/6k1/P7/2K5/8/8/8/r7 w - - 0 1,checkmate
R7/3k4/5K2/5P2/8/8/8/5r2 w - - 0 1,checkmate
R6r/4k3/4P3/4K3/8/8/8/8 w - - 0 1,checkmate
Q7/8/8/8/8/3K4/1k6/q7 w - - 0 1,checkmate
Q7/8/8/4K3/8/3k4/2p5/8 w - - 0 1,checkmate
K7/R7/p7/1k6/8/8/8/8 w - - 0 1,checkmate
K7/P5R1/2k5/8/8/8/2r5/8 w - - 0 1,checkmate
K7/P4k2/8/8/8/8/4R3/1r6 w - - 0 1,checkmate
K7/1P6/k1q5/8/8/1Q6/8/8 w - - 0 1,checkmate
K6R/P7/3k4/8/8/8/8/1r6 w - - 0 1,checkmate
K1k5/P7/8/8/6R1/8/8/7r w - - 0 1,checkmate
K1k5/P7/8/8/1R6/8/r7/8 w - - 0 1,checkmate
8/p7/8/8/2K5/5k2/2P5/8 w - - 0 1,checkmate
8/k7/r5P1/8/8/8/p7/R6K w - - 0 1,checkmate
8/k7/7p/8/8/8/6P1/6K1 w - - 0 1,checkmate
8/RP6/4K2r/1k6/8/8/8/8 w - - 0 1,checkmate
8/PR6/8/8/5k2/8/4K3/r7 w - - 0 1,checkmate
8/K7/8/7P/B7/3k4/b2P4/8 w - - 0 1,checkmate
8/K1kP4/R1P5/8/8/8/8/1r6 w - - 0 1,checkmate
8/8/R7/7k/P1r5/8/7P/6K1 w - - 0 1,checkmate
8/8/P7/8/3K4/r7/P2R4/k7 w - - 0 1,checkmate
8/8/P5rk/8/8/KpR5/8/8 w - - 0 1,checkmate
8/8/P1R5/8/5K2/1p6/8/1k2r3 w - - 0 1,checkmate
8/8/8/k1K5/3R4/4p3/3p4/8 w - - 0 1,checkmate
8/8/8/Q7/2Kp4/8/3p4/2k5 w - - 0 1,checkmate
8/8/8/8/p2K4/3Q4/kp3P2/8 w - - 0 1,checkmate
8/8/8/8/8/k2K4/2Q5/q7 w - - 0 1,checkmate
8/8/8/8/8/4p3/2Kp1k2/R7 w - - 0 1,checkmate
8/8/8/8/8/4k3/3pp2Q/1K6 w - - 0 1,checkmate
8/8/8/8/3p4/4k3/3p4/R4K2 w - - 0 1,checkmate
8/8/8/8/3P3k/r7/4K3/6R1 w - - 0 1,checkmate
8/8/8/8/2P3k1/4r3/1K6/5R2 w - - 0 1,checkmate
8/5R2/2k1K3/4P2p/7r/8/8/8 w - - 0 1,checkmate
8/8/8/6K1/8/4p3/Q2pk3/8 w - - 0 1,checkmate
8/8/8/5k1P/8/2r5/P6R/6K1 w - - 0 1,checkmate
8/8/8/4k2P/7r/2P1K3/8/2R5 w - - 0 1,checkmate
8/8/8/4bk2/8/8/3B1PP1/5K2 w - - 0 1,checkmate
R7/4K1k1/4P3/6p1/4r3/8/8/8 w - - 0 1,checkmate
8/8/8/3Q4/6K1/8/3pp3/4k3 w - - 0 1,checkmate
8/8/8/1RKp2p1/4k3/8/8/8 w - - 0 1,checkmate
8/8/7k/8/1p6/7K/2P5/8 w - - 0 1,checkmate
8/8/7k/4P3/r7/4K3/8/6R1 w - - 0 1,checkmate
8/8/7Q/8/5K2/8/p7/2k5 w - - 0 1,checkmate
8/8/7P/5rk1/R7/6K1/8/8 w - - 0 1,checkmate
8/8/6k1/r7/P5KP/R7/8/8 w - - 0 1,checkmate
8/8/6R1/8/8/pp5K/8/7k w - - 0 1,checkmate
5k2/7R/8/6K1/6P1/5r2/8/8 w - - 0 1,checkmate
8/8/5P2/8/6K1/7p/6k1/8 w - - 0 1,checkmate
1k6/8/3KQ3/8/8/4P1q1/8/8 w - - 0 1,checkmate
7r/8/8/6k1/6P1/4KR1P/8/8 w - - 0 1,checkmate
8/8/4k3/R1K5/2P5/8/8/3r4 w - - 0 1,checkmate
8/8/3k4/1K2R3/3rPP2/8/8/8 w - - 0 1,checkmate
8/8/3Pk3/2R1P3/2K5/8/8/1r6 w - - 0 1,checkmate
8/8/3K1k2/6R1/5rPP/8/8/8 w - - 0 1,checkmate
8/8/2RK1k2/3P4/r7/8/8/8 w - - 0 1,checkmate
8/8/2K5/8/8/p7/kp1Q4/8 w - - 0 1,checkmate
4r3/1k6/1P6/3PK3/8/1R6/8/8 w - - 0 1,checkmate
8/8/1k6/3K4/6RP/7r/8/8 w - - 0 1,checkmate
8/8/1P6/8/2k3pr/8/3RK3/8 w - - 0 1,checkmate
4R3/2k5/5K2/2p5/8/1p6/8/8 w - - 0 1,checkmate
8/8/1P6/8/2K2kn1/8/6P1/8 w - - 0 1,checkmate
8/7r/7P/6P1/2k5/5K2/8/8 w - - 0 1,checkmate
8/7k/8/8/8/P7/5r2/1K4R1 w - - 0 1,checkmate
8/7P/5q2/8/8/k7/8/1QK5 w - - 0 1,checkmate
8/7K/P7/1k3r2/8/6R1/P7/8 w - - 0 1,checkmate
3r4/Pk6/8/KP6/8/8/6R1/8 w - - 0 1,checkmate
8/6qP/8/8/8/k7/8/1QK5 w - - 0 1,checkmate
8/1k6/1P5R/8/1K5P/8/6r1/8 w - - 0 1,checkmate
8/6R1/4k1K1/4r2P/8/8/8/8 w - - 0 1,checkmate
8/6P1/8/8/3Q4/k2K4/8/1q6 w - - 0 1,checkmate
8/6P1/8/8/2KQ4/8/q7/2k5 w - - 0 1,checkmate
8/6P1/8/5K2/3Q4/7q/8/4k3 w - - 0 1,checkmate
8/6P1/8/4Q3/K7/8/6q1/1k6 w - - 0 1,checkmate
8/6P1/7K/1k6/8/R4pr1/8/8 w - - 0 1,checkmate
8/6P1/4KP2/8/3k4/8/8/6r1 w - - 0 1,checkmate
8/5p2/8/8/5K2/5P2/8/7k w - - 0 1,checkmate
8/5k2/6p1/6P1/4K3/8/8/8 w - - 0 1,checkmate
8/5KQ1/8/8/8/8/7p/7k w - - 0 1,checkmate
8/5K2/4R3/6kp/8/8/8/8 w - - 0 1,checkmate
8/8/5k2/8/4P3/r7/4RKP1/8 w - - 0 1,checkmate
8/4k3/7R/P4p2/4pK2/8/8/4r3 w - - 0 1,checkmate
8/4RP2/4K3/8/8/k6p/8/5r2 w - - 0 1,checkmate
8/4P1r1/8/8/R5K1/8/8/7k w - - 0 1,checkmate
8/4K1kP/4R1P1/8/8/8/8/5r2 w - - 0 1,checkmate
8/4K1P1/k7/8/3Q4/8/4q3/8 w - - 0 1,checkmate
8/3r4/6P1/8/8/1k6/8/2K4R w - - 0 1,checkmate
8/3kP3/3P4/8/7r/1K6/8/3R4 w - - 0 1,checkmate
8/3k4/P7/4R3/3p4/8/1K6/7r w - - 0 1,checkmate
8/3b1K1B/6Pk/8/8/8/7P/8 w - - 0 1,checkmate
8/3P4/1b6/4B3/3P4/3k4/8/3K4 w - - 0 1,checkmate
8/2k5/P7/1K1P4/8/b7/4B3/8 w - - 0 1,checkmate
8/2k5/2P3Pr/8/8/8/6p1/2R3K1 w - - 0 1,checkmate
8/2bBk3/2P5/3K1P2/8/8/8/8 w - - 0 1,checkmate
8/1r6/3P4/4P3/8/1k6/8/7K w - - 0 1,checkmate
8/1p6/8/2K2k2/8/8/1P6/8 w - - 0 1,checkmate
8/1R6/1P6/8/k7/2K5/8/1r6 w - - 0 1,checkmate
8/1K6/8/1k6/1p6/8/1R6/8 w - - 0 1,checkmate
7r/R2Pk3/4P3/4K3/8/8/8/8 w - - 0 1,checkmate
7r/8/8/3kP3/3P4/3K4/8/4R3 w - - 0 1,checkmate
7r/8/7P/6P1/8/1k4K1/8/8 w - - 0 1,checkmate
7k/8/8/3P4/3p2r1/5R2/8/2K5 w - - 0 1,checkmate
7k/8/7P/r5P1/8/8/1R5K/8 w - - 0 1,checkmate
7R/pp6/7K/8/8/8/2k5/8 w - - 0 1,checkmate
7Q/8/8/8/p5K1/7P/kp6/8 w - - 0 1,checkmate
7Q/8/8/8/6K1/8/2p5/3k4 w - - 0 1,checkmate
7K/8/8/6Q1/1p6/8/k1p5/8 w - - 0 1,checkmate
7K/6P1/7Q/8/8/8/1q6/1k6 w - - 0 1,checkmate
7K/6P1/5q2/7Q/8/8/8/1k6 w - - 0 1,checkmate
6q1/6P1/7K/4Q3/k7/8/8/8 w - - 0 1,checkmate
6k1/7R/6P1/7P/8/6r1/8/K7 w - - 0 1,checkmate
6k1/2K5/B3P3/8/4b3/8/8/8 w - - 0 1,checkmate
6R1/8/8/8/7p/p2K3k/8/8 w - - 0 1,checkmate
8/7k/7P/5KP1/5R2/8/8/6r1 w - - 0 1,checkmate
6R1/1r4p1/6P1/8/8/1k4K1/8/8 w - - 0 1,checkmate
6Q1/8/8/5K2/1k6/8/5P2/2q5 w - - 0 1,checkmate
6Q1/8/3K4/7p/8/3k4/5p2/8 w - - 0 1,checkmate
6K1/8/8/4p3/3k4/8/8/5R2 w - - 0 1,checkmate
6K1/8/5r2/3Pk3/4P1R1/8/8/8 w - - 0 1,checkmate
6K1/7p/5R2/5p1k/8/8/8/8 w - - 0 1,checkmate
6K1/6R1/r5P1/8/7k/8/8/8 w - - 0 1,checkmate
6K1/4p2R/6k1/7p/8/8/8/8 w - - 0 1,checkmate
6K1/1k4P1/6P1/8/8/8/r7/8 w - - 0 1,checkmate
5r2/4k3/6P1/8/6K1/8/8/5R2 w - - 0 1,checkmate
5r2/1P3P2/2K5/8/7k/8/8/8 w - - 0 1,checkmate
5R2/3k4/5K2/5P2/8/8/8/5r2 w - - 0 1,checkmate
5Q2/2K5/8/k7/1p6/1P6/8/5q2 w - - 0 1,checkmate
5KR1/p7/8/8/8/7p/8/7k w - - 0 1,checkmate
5K2/3k1P2/8/8/8/8/6r1/4R3 w - - 0 1,checkmate
5K2/3k1P2/1p6/5R2/8/8/8/6r1 w - - 0 1,checkmate
5K1Q/8/8/8/8/8/1pkp4/8 w - - 0 1,checkmate
4r3/8/8/7k/4P3/4K3/8/6R1 w - - 0 1,checkmate
4r3/8/2Pk2K1/3P1R2/8/8/8/8 w - - 0 1,checkmate
4r3/6p1/6P1/8/6K1/7R/8/6k1 w - - 0 1,checkmate
8/8/8/2p2p2/8/4k3/8/4K1R1 w - - 0 1,checkmate
4R3/8/8/4Kp2/6kp/8/8/8 w - - 0 1,checkmate
4R3/4K1k1/4P3/8/8/8/8/4r3 w - - 0 1,checkmate
4K3/5Q2/2P3pk/8/6q1/8/8/8 w - - 0 1,checkmate
4K3/4Q2P/8/8/8/2q5/8/1k6 w - - 0 1,checkmate
4K3/2k1P3/8/8/3r4/3p4/8/3R4 w - - 0 1,checkmate
4K3/1k3P2/3Q4/7q/8/8/8/8 w - - 0 1,checkmate
3r4/8/8/8/k2P4/3K4/8/1R6 w - - 0 1,checkmate
3r4/8/8/8/3P1k2/3K4/8/4R3 w - - 0 1,checkmate
3r4/6k1/8/8/3P4/3K4/8/5R2 w - - 0 1,checkmate
3k4/2r5/2PK4/3R4/8/8/8/8 w - - 0 1,checkmate
3R4/8/8/4K3/8/p6p/4k3/8 w - - 0 1,checkmate
3R4/4K3/r2P4/4k3/8/8/8/8 w - - 0 1,checkmate
3R4/2K2k2/8/3P4/8/8/8/r7 w - - 0 1,checkmate
3K4/8/2P5/P7/8/6k1/8/4r3 w - - 0 1,checkmate
3K4/6P1/8/8/3Q4/8/6q1/1k6 w - - 0 1,checkmate
3K3R/3P1k2/8/8/8/3p4/8/2r5 w - - 0 1,checkmate
2r5/6k1/6p1/P7/3P4/8/6K1/3R4 w - - 0 1,checkmate
2q3k1/P7/6p1/3K4/3Q4/8/8/8 w - - 0 1,checkmate
2k5/8/8/7p/8/8/6P1/5K2 w - - 0 1,checkmate
2R5/K1P5/8/k7/8/2r5/8/8 w - - 0 1,checkmate
2R5/7k/5K2/8/p7/8/1p6/8 w - - 0 1,checkmate
2R4K/8/P7/8/8/8/1r5p/k7 w - - 0 1,checkmate
2R4K/2P5/8/7k/8/2r5/8/8 w - - 0 1,checkmate
2Q5/8/8/8/7p/7K/pk6/8 w - - 0 1,checkmate
2KR4/7r/2P5/2k5/8/8/8/8 w - - 0 1,checkmate
2K5/8/8/P1P5/8/8/8/1k5r w - - 0 1,checkmate
2K5/2P2R2/k7/8/8/8/2r2p2/8 w - - 0 1,checkmate
2K5/2P1k3/8/8/8/8/3R4/1r6 w - - 0 1,checkmate
1r6/8/8/8/4KP2/R7/6k1/8 w - - 0 1,checkmate
1r6/8/8/7R/3k4/1P6/1K6/8 w - - 0 1,checkmate
1r6/8/6p1/7P/1k6/7R/3K4/8 w - - 0 1,checkmate
1r6/8/5k2/8/1P6/1K6/8/3R4 w - - 0 1,checkmate
1r6/8/3k4/8/KP6/8/8/2R5 w - - 0 1,checkmate
1r6/3R4/8/4k3/1P6/1K6/8/8 w - - 0 1,checkmate
1r2K3/4P1k1/8/8/8/8/8/5R2 w - - 0 1,checkmate
1k6/2R5/1P6/2P5/8/7r/1K6/8 w - - 0 1,checkmate
1k3r2/1P6/6P1/8/K7/8/8/1R6 w - - 0 1,checkmate
1k1K3Q/1p6/1P6/8/8/8/8/q7 w - - 0 1,checkmate
8/R7/2K2k2/P7/8/8/8/1r6 w - - 0 1,checkmate
7k/6R1/5P2/p4K2/8/8/8/1r6 w - - 0 1,checkmate
1R6/2pk4/1P6/8/3r4/K7/P7/8 w - - 0 1,checkmate
1R5K/7P/8/p6k/6r1/8/8/8 w - - 0 1,checkmate
1Q6/K7/8/8/8/8/p7/k7 w - - 0 1,checkmate
1K6/2R5/p1p5/8/1k6/8/8/8 w - - 0 1,checkmate
1K6/1P6/8/3P4/8/8/5k2/3r4 w - - 0 1,checkmate
k5r1/p7/8/8/7K/8/8/R7 w - - 0 1,draw
8/8/2k5/2p5/4K3/7r/8/R7 w - - 0 1,draw
4r3/8/k7/p7/8/5K2/8/R7 w - - 0 1,draw
R7/P6k/r7/1K6/8/8/p7/8 w - - 0 1,draw
6R1/8/8/8/8/7K/p2k4/r7 w - - 0 1,draw
R7/8/2K1k3/8/8/p7/8/r7 w - - 0 1,draw
8/R7/5K2/7k/8/p7/8/r7 w - - 0 1,draw
R7/8/8/3K4/8/p1k5/8/r7 w - - 0 1,draw
R7/8/8/8/6K1/5p2/5Pk1/4r3 w - - 0 1,draw
r7/8/8/8/1k6/p7/R1K5/8 w - - 0 1,draw
8/5k2/6p1/8/1R6/3p1K2/r7/8 w - - 0 1,draw
2k5/R7/8/3K4/8/1p6/p7/8 w - - 0 1,draw
8/K7/7P/7R/5r2/5kp1/8/8 w - - 0 1,draw
6k1/8/4PK2/7P/8/r7/8/8 w - - 0 1,draw
8/8/P7/8/5k2/4R2K/3rp3/8 w - - 0 1,draw
8/8/8/R6P/1r6/p6K/1k6/8 w - - 0 1,draw
8/8/8/8/8/1p1k4/6N1/4K3 w - - 0 1,draw
8/8/8/8/3k3K/5Q2/3q1p2/8 w - - 0 1,draw
5r2/1k6/4R3/2p3K1/8/8/8/8 w - - 0 1,draw
4r3/1k6/7R/1p3K2/8/8/8/8 w - - 0 1,draw
8/8/8/5R2/4K1k1/pp6/8/8 w - - 0 1,draw
8/8/8/5K2/8/pp6/7k/5R2 w - - 0 1,draw
8/8/8/5K2/7p/8/5P1k/8 w - - 0 1,draw
8/8/8/3k4/8/5pp1/8/3KR3 w - - 0 1,draw
8/8/8/1P6/2P3r1/8/1K5k/8 w - - 0 1,draw
8/8/7p/4k1pr/6R1/5K2/8/8 w - - 0 1,draw
6r1/2k5/4R3/3p4/8/7K/8/8 w - - 0 1,draw
8/8/6q1/8/4p2Q/5k2/5P1K/8 w - - 0 1,draw
8/8/8/3rk3/8/8/2Q3K1/8 w - - 0 1,checkmate
8/8/6pk/1R6/4r3/2K5/8/8 w - - 0 1,draw
8/8/5k2/8/4K3/4p1rp/R7/8 w - - 0 1,draw
8/8/7k/4R1p1/5r2/4K3/8/8 w - - 0 1,draw
8/8/2p5/8/2P5/8/6K1/3k4 w - - 0 1,draw
8/8/1r6/3p4/2k1p3/4K3/8/3R4 w - - 0 1,draw
8/8/1k4K1/1p6/8/8/6P1/8 w - - 0 1,draw
k7/8/5R1p/8/3K4/6p1/7r/8 w - - 0 1,draw
2R5/8/8/4pk2/7p/5K2/7r/8 w - - 0 1,draw
6k1/6r1/8/8/8/6pR/6Kp/8 w - - 0 1,draw
8/8/5r2/R7/4K2p/8/6k1/8 w - - 0 1,draw
8/8/7R/pr6/8/k7/5K2/8 w - - 0 1,draw
8/5R2/8/8/8/2kp4/3p3K/8 w - - 0 1,draw
6R1/7k/8/8/1K3p2/8/5r2/8 w - - 0 1,draw
8/5K2/5P2/8/8/8/3k4/5q2 w - - 0 1,draw
8/K4k2/8/6p1/8/7p/4R3/8 w - - 0 1,draw
8/4KP1q/8/8/3k4/8/8/8 w - - 0 1,draw
5R2/8/8/5K2/2r2p2/8/4k3/8 w - - 0 1,draw
8/8/8/8/6Q1/4qp1P/4k2K/8 w - - 0 1,draw
8/8/8/2K1k3/6p1/5p2/3R4/8 w - - 0 1,draw
1K6/8/8/8/8/5q2/3Q2pk/8 w - - 0 1,draw
8/K7/8/2k5/4q3/8/3Q2p1/8 w - - 0 1,draw
8/1R6/8/8/8/4p3/3rk1K1/8 w - - 0 1,draw
4R3/8/8/8/8/r3p3/3k2K1/8 w - - 0 1,draw
8/8/1K5p/p4r2/P7/6k1/2R5/8 w - - 0 1,draw
8/K2k4/8/5p2/8/4p3/1R6/8 w - - 0 1,draw
8/1p6/8/8/k7/7K/3P4/8 w - - 0 1,draw
8/5R2/8/8/8/6p1/1K2p1k1/8 w - - 0 1,draw
1K6/P7/8/8/8/8/1qk5/8 w - - 0 1,draw
3r4/8/2k5/2p5/8/8/4K3/7R w - - 0 1,draw
7k/8/7q/1K6/8/8/7p/7Q w - - 0 1,draw
8/R7/8/8/5p2/8/4rk1p/7K w - - 0 1,draw
8/8/8/4P3/k2K4/8/8/7r w - - 0 1,draw
Q7/2q5/8/8/8/1K6/6p1/7k w - - 0 1,draw
8/7r/8/8/8/R4pk1/8/6K1 w - - 0 1,draw
6R1/5r2/8/6p1/8/7k/6p1/6K1 w - - 0 1,draw
5R2/8/8/8/6p1/7k/1r6/6K1 w - - 0 1,draw
6R1/8/8/8/6pk/r7/8/6K1 w - - 0 1,draw
6R1/4r3/8/8/8/2K5/7p/7k w - - 0 1,draw
8/8/8/8/2r1p3/3pK1k1/8/5R2 w - - 0 1,draw
R7/8/8/8/5pk1/8/1r6/5K2 w - - 0 1,draw
5R2/8/8/1K6/8/2k1p3/5p2/8 w - - 0 1,draw
5KR1/8/8/8/8/1p3p2/8/k7 w - - 0 1,draw
R7/2r5/8/8/7p/8/5p2/5k1K w - - 0 1,draw
5K1k/2r5/R7/7p/8/8/2p5/8 w - - 0 1,draw
4r3/8/8/5k2/5p2/8/3K4/5R2 w - - 0 1,draw
8/8/8/5R2/3kp3/8/r7/4K3 w - - 0 1,draw
7R/8/8/4p3/3k4/8/r7/4K3 w - - 0 1,draw
8/8/8/4p3/5k2/1R6/7r/4K3 w - - 0 1,draw
4b3/8/8/8/1p6/p7/B7/K1k5 w - - 0 1,draw
4R3/8/8/8/8/4p3/4k1K1/4r3 w - - 0 1,draw
8/8/8/8/R4K2/4p3/5k2/4r3 w - - 0 1,draw
4K3/8/8/8/1pp5/3k4/8/6R1 w - - 0 1,draw
5r2/R7/8/8/8/8/4p1K1/4k3 w - - 0 1,draw
8/7R/8/8/8/8/2K1p1r1/4k3 w - - 0 1,draw
3k2r1/3p4/8/7K/8/8/8/3R4 w - - 0 1,draw
2R5/8/8/8/3p4/3k4/6r1/3K4 w - - 0 1,draw
8/8/8/5R2/4p3/4k1P1/5r2/3K4 w - - 0 1,draw
3k4/2r5/2PK1P2/8/8/8/8/8 w - - 0 1,draw
1K6/8/8/8/3Q4/8/3q2p1/3k4 w - - 0 1,draw
8/1k6/1p6/3K4/7r/8/8/1R6 w - - 0 1,draw
3r4/8/1k6/1p6/8/4K3/8/1R6 w - - 0 1,draw
1r6/8/1P6/8/1K1k4/8/2P5/8 w - - 0 1,draw
8/8/1k6/1pr5/8/8/3K4/1R6 w - - 0 1,draw
1R6/8/8/8/3p4/3r4/8/1K1k4 w - - 0 1,draw
1R6/7K/8/8/2k5/1p3p2/8/8 w - - 0 1,draw
1R6/8/8/8/4k1p1/8/1p5K/1r6 w - - 0 1,draw
2r5/8/8/8/7R/p2K4/8/1k6 w - - 0 1,draw
